node,ic_mean,ic_std
3,1.505,2.879231668344873
5,4.16,13.814282464174532
8,5.995,31.16496390179202
32,8.28,23.50811774685502
34,6.33,17.015613418269705
44,10.66,24.3383319066858
47,14.685,57.618363175293354
52,4.48,9.844775264067737
67,2.005,4.341079934762778
69,11.89,37.34458327522212
81,1.065,0.7216474208365191
93,5.215,14.230557789489488
108,8.425,17.890063582894275
131,8.935,33.523734502587864
213,1.0,0.0
253,33.4,69.79097362839983
326,1.715,5.320129227753778
330,6.93,18.020962793369286
353,4.575,21.81110668902429
360,13.1,27.393977440306106
369,19.895,33.26655941031474
374,2.115,8.831861355342939
389,29.375,46.753442386630745
394,5.83,22.44818700919965
407,23.145,49.263820142169244
418,12.16,48.46198922867282
421,17.005,49.372816154236126
431,10.68,29.161577460761617
456,33.695,64.1577896673506
468,48.71,69.92907764299483
490,1.285,1.4709775661103737
503,14.2,22.880559433720148
508,4.305,7.498131433897381
511,31.73,75.13292953159753
547,17.25,40.32266732248748
548,1.3,1.4933184523068077
561,19.115,59.322691906217464
577,4.33,18.694146142576287
580,17.32,57.01480158695635
600,3.4,14.011067054296756
635,10.185,31.964680117279446
689,9.11,40.53070317672764
691,7.73,19.88233135223332
698,11.07,26.317771562197283
707,24.445,52.41599922733516
715,3.39,6.124369355288755
759,17.395,39.05930074898935
792,11.2,25.4835240891051
805,3.885,8.13029980997011
821,2.055,2.569430870835018
868,17.955,56.26644626240403
889,7.385,20.442523694495257
960,4.665,5.04804665192389
980,9.31,18.55165491270253
981,1.015,0.12155245781143219
995,22.635,38.53870489520892
1009,3.03,8.521097347173074
1016,22.46,57.33357131733553
1040,17.81,37.10180453832401
1059,18.035,58.71987546819221
1120,13.02,30.141492995536904
1142,13.71,33.07152702854829
1163,15.145,43.23278819368467
1168,19.995,58.24358312295013
1225,33.075,64.00952565829557
1298,13.5,38.45217809175444
1313,6.705,26.79436461273154
1317,7.755,19.01302119601196
1319,12.685,30.783206054600615
1332,29.21,45.788709306989645
1344,39.215,65.38072173813929
1355,7.95,18.2347881808372
1445,36.22,51.48370227557455
1447,4.095,15.120713442162707
1469,10.145,36.625591804092394
1538,5.025,15.67751176048036
1574,3.435,6.460323134333143
1621,22.745,46.19891746567229
1703,15.84,33.062280623090714
1764,12.8,40.816050764374545
1772,3.94,14.226960321867775
1793,2.575,8.410373059502177
1805,46.46,63.420094607308805
1814,5.04,15.97493035978561
1837,2.87,7.960094220547895
1854,8.08,32.52942667800956
1880,10.935,37.02351651315688
1967,8.65,21.09093407130182
1997,15.88,34.85190956030961
2010,4.615,16.42031592266117
2018,1.215,1.2840463387276955
2058,3.715,7.9839698771976835
2138,9.75,24.378627935140237
2156,2.245,6.864763287980146
2182,6.065,28.637925466066847
2185,7.94,40.886873199108784
2186,4.18,9.624842855860036
2198,3.6,13.165864954495014
2243,50.62,71.3036156166011
2256,9.68,28.50136137099419
2285,3.995,9.196465353601893
2288,3.3,14.39270648627283
2299,9.815,32.76111681551775
2347,4.265,5.486781843667561
2349,4.68,20.66537200245861
2357,1.015,0.12155245781143217
2397,1.04,0.27999999999999997
2402,33.64,62.1551317269942
2487,10.185,19.20340529697793
2538,6.65,21.799483938845892
2572,34.185,69.02514596145379
2634,1.83,7.4257053537020985
2669,2.98,8.902786080772694
2679,13.71,36.15129181647593
2690,2.29,14.388394629005697
2697,4.72,12.961157355730236
2703,3.18,8.182762369762427
2739,5.29,7.488384338427083
2799,3.875,31.384062436211156
2974,2.22,7.015098003591968
2994,8.885,22.263462780978166
3024,16.47,47.92754009961288
3043,15.655,44.8490353853904
3057,20.85,45.715287377418946
3065,24.355,50.0833203272307
3119,13.435,43.75689402825571
3202,3.345,9.169840511153943
3211,1.02,0.17204650534085253
3268,2.995,6.739805264249108
3273,49.98,75.174926671065
3281,9.475,29.90333384423884
3311,5.11,22.705679906138023
3368,9.82,32.325803934318486
3372,3.53,9.383448193494756
3374,10.385,23.618356737927385
3375,7.66,22.689742175705746
3378,4.88,13.820839337753695
3469,35.11,59.15731484778531
3484,1.0,0.0
3541,2.505,5.389802872090963
3604,5.855,25.821579637969478
3609,21.475,43.12457970809687
3641,9.79,53.3117801240964
3804,1.635,2.6271229510626264
3808,17.755,36.50623200222121
3809,1.58,6.309801898633586
3983,4.975,28.903708672071822
4118,10.26,30.900038834927056
4138,2.28,4.984134829636934
4181,24.535,53.7588948454114
4252,3.43,22.095590057746815
4269,36.19,70.1511503825846
4305,10.29,22.19990765746561
4318,26.71,73.80634051353583
4364,9.88,27.402109407853988
4365,37.505,64.45672947799942
4426,5.38,15.197881431304825
4431,8.07,36.45524790753726
4440,24.375,54.38726298500413
4493,14.55,33.086666498757474
4507,4.855,18.3772678872568
4541,38.9,60.87446098323992
4585,2.725,6.582505222177951
4604,8.685,30.99977056366708
4646,8.355,21.973597224851463
4761,4.16,9.54014674939542
4776,29.395,47.08045215373362
4826,7.59,25.974447058599722
4830,19.06,58.951390144762485
4851,5.355,12.391891502107336
4881,12.815,19.181000364944474
5005,17.575,47.91058729550286
5061,5.74,16.741039394255065
5079,36.36,62.162773425901776
5082,28.915,55.57344487252882
5092,13.595,34.828307093512315
5103,1.965,7.271435552901504
5137,55.125,94.12719784950575
5206,5.02,18.96152947417481
5253,12.815,44.59507568106596
5268,1.495,3.482811364400891
5406,33.37,52.37731474598521
5411,25.96,49.20415023145913
5414,37.41,85.27919969136671
5514,1.03,0.1977371993328519
5515,1.595,2.592484329750134
5516,1.435,1.2671917771197854
5643,6.84,21.366899634715374
5704,23.82,51.706456076586804
5721,3.59,6.477800552656742
5824,21.165,39.51174224202218
5934,3.47,16.311011617922414
5963,9.94,24.089757159423588
6019,23.18,57.528406896071786
6081,20.4,49.159739625022425
6113,4.135,15.708175419188569
6202,15.59,52.17673715363965
6212,16.95,32.88248013760519
6232,5.52,25.22042029784595
6236,19.0,44.93817975841923
6308,14.945,39.59484783403012
6321,10.57,25.992789384750534
6339,5.035,14.34481700824378
6369,3.24,6.554570924171925
6409,11.015,32.59945973478702
6645,31.26,65.28700023741327
6657,2.045,2.9194134684898607
6663,1.03,0.1977371993328519
6666,1.695,2.488367939031525
6873,1.79,1.8373622397339073
6886,27.7,65.87040306541323
7279,30.03,80.05897263892412
7283,1.66,2.7972128985831595
7289,31.76,75.92280553298858
7295,9.52,29.72826264684837
7369,2.16,2.0915066339842197
7370,16.065,59.25850803893057
7371,2.18,4.750536811771908
7393,11.395,32.695090992379875
7402,12.655,38.601502237607285
7452,15.465,51.041833577958386
7468,15.0,53.73499790639244
7477,4.045,11.770427987120945
7481,19.285,54.65357970892666
7560,4.725,16.70626753646667
7682,7.735,45.44265369671978
7687,16.445,44.15650546635229
7756,1.0,0.0
7774,2.83,11.570700065251023
7783,1.07,0.4848711168960263
7937,3.32,12.791309549846725
7942,19.48,44.84372419859884
7968,3.2,7.297259759663212
7976,4.59,20.801487927549797
8006,3.165,10.060704498194944
8054,9.475,26.783192024103474
8131,15.255,48.31117857183781
8134,4.645,14.985625612566194
8144,5.005,20.03434488572062
8154,19.73,40.981301833885176
8178,5.815,19.806836572254536
8209,3.06,13.496162417517063
8268,4.125,18.614493681000297
8296,4.745,15.080781644198685
8306,9.815,34.121119193250394
8329,13.945,58.486938499121315
8353,9.83,27.235107857322685
8383,16.735,31.548926685388203
8385,20.69,41.74187226275314
8428,1.385,2.589744195861823
8499,7.36,25.727813743106896
8600,2.68,2.3124878378058553
8629,5.57,15.538182004340149
8682,17.69,30.34425645818332
8691,4.005,4.825450756147037
8732,4.32,8.265446146458157
8755,2.39,3.7799338618552576
8942,2.77,14.465030245388357
9102,19.695,50.38533491999433
9106,17.42,45.96089207141219
9134,11.755,30.04904283001374
9160,19.035,50.206112924623035
9163,9.08,26.327810391295362
9236,3.225,10.31767294500073
9254,22.68,64.2813938865672
9358,3.82,4.862879805218302
9481,6.975,20.433413199952668
9483,8.155,34.678393489318395
9490,5.505,14.572576127781938
9506,5.61,21.98085303167281
9520,3.605,14.620498452515225
9563,26.64,73.8018997045469
9570,23.845,52.00039398889205
9574,10.99,29.46234715700703
9634,15.69,48.126644387490806
9682,1.0,0.0
9731,5.875,12.492372672955286
9784,45.735,79.02066043130746
9796,36.685,64.74570082252566
9797,6.885,31.14918578390132
9798,20.315,50.610135101578216
9906,22.295,48.22072142761865
9914,21.035,40.885129020219566
9937,7.28,28.37625063323201
10005,1.0,0.0
10128,3.03,15.215094478839099
10152,4.135,12.40752896430228
10403,16.395,43.98032486237454
10445,3.72,18.83139931072569
10538,19.8,51.70009671170838
10552,10.88,39.31648000520901
10635,1.115,1.158350119782443
10714,17.835,38.90935330996905
10726,15.855,54.37696180369035
10741,22.925,68.1508574780978
10750,40.605,74.68386020419673
10911,8.705,27.312048165599002
10913,17.725,39.799740891116365
11020,9.95,35.36237407188607
11057,7.205,24.44407852630162
11108,10.73,35.68931352660065
11135,20.86,44.50506038643246
11170,34.525,77.11212210152176
11178,40.81,76.23013774092239
11180,6.21,19.29419342703913
11285,17.835,52.19394385366946
11310,18.33,53.69870668833654
11321,10.7,32.76614106055212
11408,10.315,59.79444602134883
11469,5.45,27.182117283243404
11501,17.1,31.537120984642844
11508,5.67,15.895002359232286
11544,24.52,44.671574854710464
11559,18.545,56.67731446531319
11677,18.24,56.1492867274376
11683,1.91,8.239047275019121
11762,37.255,75.29960142656799
11789,1.465,3.2153965540816265
11850,25.02,51.92513456891566
11881,1.645,3.1462636571018643
11931,4.5,34.223822112674675
12003,4.22,9.214749047044092
12126,1.775,2.0504572660750577
12266,1.0,0.0
12390,1.02,0.13999999999999999
12497,3.94,4.068955639964633
12687,4.555,12.981023649928384
12746,10.495,39.118281851328796
12793,14.18,29.226316907882868
12818,28.39,57.40459824787558
12830,9.245,31.289374794009547
12860,11.7,48.43118829845082
12875,54.485,91.58378554635094
12882,42.315,75.76652146561831
12909,17.25,56.201579159308324
12915,26.14,53.944975669658064
12929,48.065,81.62965622247836
12961,18.165,45.86379590701144
12970,1.0,0.0
13006,20.735,34.87255045160878
13082,1.395,4.698826981279478
13118,1.01,0.14106735979665885
13205,19.05,62.02844105730855
13229,7.005,15.942865959418965
13234,5.25,13.98061157460574
13383,22.57,59.23685592601957
13425,21.095,46.67832446650158
13543,6.33,23.136574940988996
13556,24.665,61.65973382200089
13609,33.925,55.454029384707475
13620,12.27,26.26532124303832
13627,1.6,2.7276363393971708
13640,1.175,0.7774155902733108
13644,9.235,22.176333669026533
13659,16.405,40.25321074150484
13662,22.285,51.36831489352167
13668,9.29,25.73239009497563
13707,1.0,0.0
13763,3.46,10.890748367306996
13813,5.96,28.666154258986328
13820,43.805,81.17300644302884
13879,6.29,19.08810886389744
13894,1.45,3.9821476617523865
13903,7.79,30.81892113621111
13920,17.82,42.11279615508807
14178,1.845,1.345724711818877
14368,2.32,8.67223154672429
14486,26.165,59.115376806715865
14553,1.33,1.442601816164114
14590,4.735,12.110110445408827
14723,6.145,20.39029119458572
14790,10.235,34.004261130040746
14825,24.77,56.11895490830171
14859,5.96,15.8741424965256
14975,3.99,34.4174359881732
14992,1.58,2.5619523805098336
15067,14.815,43.250442483285646
15182,7.905,28.541653333330217
15260,7.37,13.986532808383927
15349,17.765,38.70671485672738
15518,8.865,39.8701238397876
15595,6.195,17.625747501879175
15759,18.095,42.750157602048674
15783,23.96,51.976806365916715
15835,58.485,73.295564497451
15846,16.285,61.98276998489177
16078,5.75,22.771857631734836
16107,34.23,75.92632679117304
16108,20.145,38.61222571932367
16164,8.39,28.332629599103576
16188,3.75,19.396069189400208
16221,20.28,44.86213994004298
16442,2.3,2.41039415863879
16539,4.825,33.95444558522491
16598,22.88,61.24292285644113
16872,14.45,34.687858106259604
16877,1.435,4.826569692856408
16883,6.35,18.130843885489725
16953,23.55,51.35764305339566
16974,19.41,45.15265108495845
16976,12.715,38.51303383271694
16986,10.835,32.69293157549503
17030,16.735,32.670242958998635
17175,23.285,58.718598203635615
17242,5.135,12.58676983979607
17260,5.475,13.750613622671537
17333,20.96,49.41010422980303
17355,8.2,43.33151278226968
17508,81.395,110.5327054540872
17511,18.69,52.37961340063517
17528,9.735,39.71177123977222
17575,3.96,8.373075898378087
17665,6.04,25.892052834798555
17885,7.83,32.20094874378704
17921,11.205,34.709119478892
18052,9.49,34.55256719840076
18065,13.715,29.741953113405316
18093,13.845,40.77009903103008
18099,24.15,56.334691798216134
18114,4.015,20.794825678519164
18126,16.475,51.01371751793825
18131,9.78,47.39168281460366
18132,6.34,26.81257913741235
18153,14.04,33.37661456768796
18166,5.815,23.474683703939444
18187,21.07,51.139956003109745
18199,1.01,0.09949874371066199
18284,2.565,6.6750112359455995
18289,4.885,21.054732840860268
18469,73.185,109.50507191450085
18585,12.725,34.96511654492231
18606,3.795,12.392859839439803
18648,1.725,2.73484460253229
18668,2.08,5.63059499520255
18702,2.465,7.125922747265788
18817,7.385,23.48652326335254
18826,16.975,33.43492747113413
19148,3.6,8.824397996464123
19174,1.98,12.425361161753006
19242,5.87,15.479118191938454
19245,18.67,41.3520386438202
19278,14.38,50.41354579872358
19367,4.375,27.777587638238135
19700,35.15,82.11910557233317
19778,5.98,18.500529722145796
19863,6.285,20.362312614239087
20080,32.03,62.08799481381244
20115,10.7,41.65441153107315
20139,1.18,2.4015828113975175
20199,8.355,27.58584736780801
20262,12.795,29.879641480446182
20367,30.595,66.11551236283357
20383,38.045,60.90790568555119
20458,4.29,23.43386225102469
20461,4.72,12.25649215722019
20522,4.02,6.868740787072985
20548,4.04,11.45898773888863
20554,20.19,44.04468072310208
20559,1.345,1.7849299706150938
20689,23.645,53.34340610609712
20703,15.035,41.213757108519
20880,10.665,29.518685184133794
21006,20.205,30.938212214024265
21123,1.305,1.2008226346967315
21386,114.735,119.4895592719297
21585,34.85,66.94107483451397
21586,25.54,62.93972036798384
21778,1.675,2.4878454533993866
21929,6.685,19.311545122024803
21949,3.3,25.263412279420997
21983,2.46,6.563413745909974
21985,6.535,32.79525537330057
22498,1.58,3.2208073522022396
22510,18.54,63.936753123692476
22518,12.895,35.90130882015306
22566,16.045,27.219532968072762
22593,3.805,15.597018144504423
22627,3.665,6.729247729129907
22678,5.315,19.532428804426754
22700,10.88,30.82637831468368
22713,2.44,8.038432683054577
22722,5.425,17.55033831582742
22781,3.69,16.609452128231084
22784,3.82,12.352635346354232
22804,14.035,63.13433119151577
23003,11.75,36.403399566524
23014,3.195,9.799335436650795
23371,1.485,1.8600470424158635
23417,12.565,34.02007899755672
23816,3.04,13.932279066972495
23854,7.765,22.686554938994153
23951,11.745,36.138344939966466
24079,3.235,6.140828527161461
24156,26.08,43.463934474458235
24703,1.92,1.3941305534274757
24792,1.505,1.4560133927955468
24857,18.285,34.07834759785163
24883,8.59,23.421611814732135
24927,2.735,3.8476973633590257
24954,14.49,41.501685507940515
25019,1.095,0.5440358444073331
25152,1.885,3.973886636531043
25522,7.615,22.284002670077026
25620,14.83,32.201569837509474
25623,4.66,19.124183642707475
25699,16.4,41.93661884320194
26135,9.77,39.294619224519785
26164,2.6,6.516133823057964
26173,12.22,33.73131482761975
26190,1.285,1.8010483058485691
26245,2.57,5.660839160407227
26339,10.94,39.959184175856244
26498,5.72,17.487469799830965
26530,6.915,17.88261096708196
26542,6.85,16.572793970842696
26630,5.72,23.076862871716337
26660,2.15,9.288568242737952
26720,20.805,53.464819975381936
26747,8.11,29.44431863704779
27025,1.22,2.8933717355362414
27050,9.03,21.93123571529885
27148,20.65,42.7082837398086
27314,10.915,36.05437248101816
27381,14.09,36.51221576404259
27420,4.06,14.487111513341778
27509,13.195,41.07160789401847
27519,15.59,52.36069040797686
27724,2.04,3.338921981718051
27738,7.175,9.528083490398267
27819,42.265,73.40371090755562
27853,18.495,51.23914494797898
27857,5.355,15.918510451672292
27877,5.61,15.675391542159323
28264,5.055,14.428859102507031
28383,17.425,48.53055094473996
28605,11.765,26.622166985427768
28639,23.02,37.27089481083061
28648,6.665,21.69845098157931
28668,19.59,44.05362527647413
28683,1.66,0.5953150426454886
28711,9.145,22.88807495181716
28867,35.35,57.76718359068581
28997,8.595,38.081504368919035
29233,11.315,26.04449605962842
29332,9.805,21.591131860094784
29384,11.025,24.554518423296354
30149,1.635,4.765687253691749
30269,30.125,74.73452599033462
30771,2.625,6.929962121108599
31382,9.34,22.127909978124908
31387,8.22,26.172917300140618
31634,5.265,5.472181923145465
31775,5.015,14.949072713717062
32101,20.7,53.74793019270603
32440,31.47,65.64075791762309
32469,9.0,17.049926686059386
32592,5.545,22.94401828363985
32611,11.3,45.59056920021947
32645,8.205,19.893541037231156
32692,5.24,16.069299922523072
33033,10.945,52.90824108775494
33228,10.1,42.89323956056479
33807,1.025,0.15612494995995993
34294,10.905,21.96692912083981
34394,12.045,22.373041255046218
34399,4.81,12.358555740862279
34677,2.475,9.124109545594024
35184,8.14,34.602895832574475
35280,8.875,29.571935597792717
35333,7.345,23.407177852103402
35344,28.765,55.675037269857306
35391,16.78,40.370677477595045
35640,1.915,3.1460729489317316
36124,3.605,12.249447946744375
36268,12.38,28.11735407181835
36294,1.505,1.8681474781183631
36303,7.245,26.060410108054707
36332,1.64,2.8671239945283147
36474,11.71,41.857089005328596
36567,11.385,31.855404172604686
36874,1.6,4.1388404173149755
37153,7.49,18.72538117102026
37219,10.1,25.084058682757064
37435,1.0,0.0
37582,4.22,18.9776605512903
37726,21.435,55.9060441723433
37728,10.905,27.76177182746087
37756,4.43,9.079377731981417
37766,3.485,9.217905130776733
37820,10.36,37.08935696395935
38236,5.39,24.05510133007134
39029,1.245,1.2348987812772347
39041,8.95,34.8536583445698
39103,1.005,0.07053367989832944
39356,2.08,4.829451314590511
39412,16.415,41.453018888857784
39420,9.54,30.17529453045984
39563,3.77,11.206565040189611
39657,1.395,1.5965509700601483
39688,22.15,50.130005984440096
39867,17.555,30.10078030550039
39919,2.745,3.5213598225685487
39992,12.425,39.431895402072676
40036,7.24,31.431869177635622
40049,4.9,8.928605714219886
40084,12.76,26.200236640152696
40240,13.225,31.8581916467335
40445,12.02,43.605270323666154
40478,1.055,0.4381495178589154
40550,16.245,35.062586541782686
40592,8.89,22.993214216372625
40649,4.29,5.180337826821722
40698,1.13,1.4223571984561405
40926,14.21,52.20149327366028
40971,6.325,13.355874175807438
41180,18.06,41.18551201575622
41777,9.235,19.537394273546308
41809,25.63,44.76542304055665
42051,2.56,7.15796060341212
42095,16.815,38.54193527834325
42302,11.54,32.363689530089125
42303,16.87,43.772743802507975
42326,9.985,22.77179779903203
42492,23.545,59.833836372072945
42578,10.395,26.954386934226495
42623,1.015,0.1215524578114322
42660,3.255,12.560651854103751
42710,12.76,30.01237078272891
42736,3.055,7.752546355875598
42890,6.855,25.7707969414995
43017,7.85,23.048156108461257
43130,5.325,21.462743883296937
43544,2.21,7.633210333797961
43735,6.33,19.627050211379192
43837,3.375,19.41660050060257
43845,13.925,38.3195690868256
43876,3.58,7.993972729500646
43892,8.775,38.10176341063495
44041,5.165,7.868149401225169
44287,14.825,36.8869133297976
44377,8.975,52.717495909802096
44445,9.65,14.64334319750787
44499,9.925,32.644591818553955
44611,8.985,26.075942456601638
44620,15.82,40.23204692779128
44693,12.095,28.56301761018958
44714,7.64,11.839358090707451
44737,16.63,31.726693808211408
45462,10.78,23.40131620229939
45713,3.43,10.3065561658587
45793,2.305,2.410803807861602
45831,3.355,9.062503793102655
46040,7.785,17.64196063367108
46158,28.17,71.18561020318643
46319,3.06,10.08148798541168
46328,17.315,62.45210785073631
46344,4.095,17.1824321619496
46535,16.63,49.03767021382644
46795,10.365,29.904209987893008
46919,8.735,17.514416204943856
47003,5.44,11.569200490958742
47335,22.48,45.736523698243616
47517,12.355,47.89591814549544
47656,6.235,20.544336810907282
47768,1.725,3.131992177512581
48050,6.57,14.307868464589685
48143,3.99,11.791518138051606
48167,3.475,12.68894696182469
48357,16.595,35.728713592851335
48634,8.625,16.969513104388117
48673,3.345,8.837758482782837
48786,8.685,32.937907872237425
48915,3.905,16.74144483012144
48954,13.74,32.268442788582156
48998,1.48,1.923434428307864
49004,28.86,81.30461487517175
49007,45.855,71.74108986487451
49093,64.725,99.04952990802127
49125,22.11,68.18627354534048
49610,5.275,18.22112441645685
49772,1.325,0.9430668056930008
49865,11.94,26.353299603654946
50176,4.495,11.380684294013257
50179,6.145,20.61198619735614
50325,9.785,21.770134932976415
50373,9.705,37.412003087244614
50598,27.2,77.11971213639221
50617,9.865,30.510109390167713
50693,2.985,4.9633431273688915
50814,2.905,9.129401678094792
50848,7.62,29.118646946587333
50887,11.52,36.79958695420371
50925,30.15,67.88319011360618
50973,5.15,21.737007613744815
51169,21.105,56.51605059626867
51235,17.615,51.43925325080059
51257,11.15,30.82267833917098
51260,3.15,11.133620255783828
51430,8.28,21.488638858708573
52285,33.4,63.63128161525587
52447,6.305,16.023169942305422
52627,22.485,60.19177497798183
52802,6.91,25.935726324897864
53000,7.53,22.678163505892623
53015,16.995,21.46939624209307
53701,4.595,12.265438231062111
53741,7.51,14.029251583744587
53784,4.695,6.689691696931931
54264,1.97,5.456106670511493
54723,6.725,33.03830163613136
55380,5.285,23.283336852779502
55757,5.76,21.946580599264205
55822,5.295,13.7879648607037
56285,18.795,69.02356825751622
56340,29.765,58.18728190077278
56352,20.33,36.82432755665744
56476,7.19,19.822055897408827
57360,14.6,27.491453217318288
57812,15.495,41.121162130951504
58221,5.63,23.515380073475317
58328,9.24,41.723283667515915
58466,4.105,10.506853715551578
58503,5.315,26.480479130861664
58630,8.88,40.40229696440538
58794,2.195,5.317609895432345
59584,2.995,9.74037858607149
59790,5.725,29.908015230034906
60457,8.17,16.64274917193671
60821,2.515,1.4141340106227553
61199,9.465,18.642928283936513
61959,3.405,18.580123115846142
62125,7.425,24.098638447016047
62591,12.41,37.39079967050718
63129,2.295,5.757427811097591
63474,11.11,30.087337868279405
63525,8.17,46.292019830636036
63579,5.84,17.045069668382116
63789,4.12,15.92374327851338
64073,11.22,36.40963608716791
64371,4.53,23.14258196485431
64591,5.74,37.49069751284976
64851,6.99,44.267368342832405
64934,7.04,27.025698880880025
65610,1.035,0.1837797594948911
65746,3.095,11.282994948150957
65762,18.43,62.48755956188399
65912,6.145,31.258342486446725
66073,4.095,11.406838957397444
66105,6.245,40.07037527900132
66473,8.18,21.48389164001718
66505,8.96,24.001008312152223
67125,5.97,18.522124608154435
67347,1.235,1.956981093419147
67470,1.27,2.6186064996482368
67476,7.595,44.688823826545274
67647,17.52,51.67261944202171
67721,1.71,1.8857094155781267
67747,17.725,32.94555167241854
68644,19.025,53.58082096235555
68878,12.385,42.209320949287964
69245,9.425,14.291059267947915
70035,11.915,28.880058431381336
70275,21.885,55.161868849777015
70375,4.62,7.997224518543918
70865,1.015,0.12155245781143219
71279,3.29,11.500256518878176
71665,10.13,29.615419970008865
72329,26.03,70.82287130581476
73195,2.015,2.7721426730960292
73264,2.35,2.763602721087096
73366,18.465,39.21694499830399
73994,11.9,55.698563715772785
74581,17.085,42.4124719274885
75040,1.715,1.9959396283455069
75104,16.96,40.176590198771216
75548,26.29,49.36320390736403
76405,12.98,47.694335093384
76500,7.17,33.341432182796225
76670,1.915,8.299263521542137
76771,3.24,12.623486047839558
76825,17.03,33.69687077459864
76834,15.87,43.73720498614423
76960,2.055,0.22798026230356
77086,22.54,48.00602462191594
78175,2.42,3.991691370835175
78297,3.99,8.046732256015483
78455,7.15,24.120893432872673
79869,7.57,20.667730886577754
80298,16.74,33.641527908226756
80687,1.18,1.3666016244685206
81181,27.715,59.39110855170157
81480,1.93,4.00812923943328
81842,8.105,22.748713699899604
81925,6.215,15.51414757568072
81941,23.625,60.65430219695879
82507,3.725,10.534200254409445
82804,10.96,33.764898933655935
83261,3.99,9.577572761404634
83284,22.28,72.86152345374067
83297,3.53,12.595995395362769
83362,1.71,4.283211412013188
83393,26.51,65.2454588458078
83519,24.44,53.91452865415778
84474,1.61,2.9322175908346235
84831,3.335,19.47877755404584
85143,12.275,33.17045937276118
85147,21.695,40.053988253356245
85173,5.505,13.96388108657475
85208,3.625,3.484878046646683
85586,1.11,0.7601973427998813
86039,8.83,27.012795116388826
87012,5.535,12.460689186397357
87071,9.67,35.189502696116634
87208,8.325,9.155292185397471
87330,14.435,29.50552109351739
87598,3.02,10.785620056352808
88045,21.915,30.597022322441774
88136,12.95,43.55901169677752
88238,11.345,27.35993375357477
88359,1.51,1.526400995806803
88387,4.41,19.19874735497085
88819,5.92,14.553473812117845
89299,4.17,14.76587620156691
89428,8.0,31.097105974672306
89445,2.03,6.563467071601717
89730,7.555,29.566822199891547
89738,2.075,8.004334763114295
89809,2.275,3.070728740869177
90640,9.62,27.371254994976024
91362,12.13,27.865266910618313
91969,10.325,29.40083969889296
92114,3.17,11.143208694088074
92221,32.11,77.42672600594707
92389,1.7,1.3892443989449805
92548,1.955,3.1659082425111444
92846,11.11,38.284172970040764
92894,17.345,51.620983863153945
93057,9.815,44.43479239289861
93219,7.185,25.41497147352324
93220,16.65,36.18352525666895
93326,34.885,56.0232253177198
93644,6.33,27.175376722319783
93876,2.7,6.037383539249432
94243,17.185,57.31283255083455
94872,4.32,23.833958966147442
95842,31.135,53.83759629664014
96362,5.08,9.74441378431766
98175,6.24,16.84999703264069
98645,4.33,18.71499666043251
98704,15.445,50.49036517000051
98929,4.995,8.481448873865832
99612,5.495,13.214763524180068
99717,5.58,28.819326848488338
99895,14.005,22.483437793184564
100549,6.67,21.758931499501532
101555,6.485,36.82716083273322
101589,16.125,57.500864123941646
102214,3.93,28.760304240393562
103516,3.91,14.19513649106623
103831,1.015,0.1215524578114322
104091,1.84,4.410714227877385
104642,5.055,15.23489333733584
104817,4.445,14.96151646725692
105408,5.695,10.854583133404986
107495,6.155,30.90422260792204
108134,12.87,41.17551578304757
108738,9.44,33.253968184263364
109165,7.985,18.332342321700192
109392,14.36,51.82393655445329
109508,15.995,39.1283142366241
109732,2.605,14.331049333527538
110063,9.035,21.627616026737666
110137,9.83,20.323412607138597
110524,2.35,9.938183938728443
110910,4.335,11.834389506856699
113077,6.98,21.844440940431504
113720,1.105,0.5039593237554
115921,1.61,1.4926151546865654
116844,7.595,26.237205929747933
118426,8.16,13.69139875980537
118781,2.51,10.868757978720476
119954,2.455,3.5927670394836344
120031,7.91,27.403866515512
120066,3.44,12.847816935183971
120147,8.645,33.66524877377263
120696,6.955,28.97935428887262
121052,5.695,17.719254357901182
121078,4.435,19.702176910179233
122030,17.8,57.140878537173364
122165,6.01,23.298281052472518
122541,5.225,29.46004709772202
122726,1.92,6.14032572425926
122740,4.56,15.589945477775089
123232,16.85,61.731090222026694
123440,10.7,47.080144434782696
124588,1.675,1.8437394067492292
125256,6.0,15.771176240217468
125261,12.295,32.89996922490962
125731,10.825,31.844377447204085
125794,5.71,15.857045752598435
127734,18.47,51.72696685482341
129218,1.855,3.403523909127127
130429,3.23,10.702200708265568
130904,9.835,25.94759670952206
131916,1.43,5.431859718365341
132483,33.805,62.72429333998112
136386,8.545,36.19831453258563
136879,1.015,0.12155245781143219
138529,10.565,38.333611556961344
138795,11.37,20.40865257678713
139896,3.535,6.874501800130683
140416,2.215,0.7541717311063839
143996,4.35,3.653423052426313
144159,19.525,38.683709426579036
144560,10.67,22.180646969824842
145323,10.76,27.680180635248753
145836,5.025,30.994424901907767
148858,3.765,11.7464792597612
149433,4.275,18.97391301234409
151885,8.325,27.058443691387723
151949,1.86,3.15442546274278
152264,12.435,23.631034150032452
152834,7.27,19.560600706522283
154216,6.485,20.172996183016544
155251,2.14,3.601444154780135
156223,3.765,17.20319083774868
156780,7.32,29.68261444010618
156886,13.205,30.26355853167304
158577,4.985,15.614889528907979
158743,2.535,8.633584134066222
159956,3.12,8.786102662728222
160613,1.0,0.0
160723,9.675,37.812555785082814
163479,36.2,55.10807563324998
163652,3.085,14.322631566859492
164749,2.175,7.9217659016156245
165968,3.485,9.098339134149706
166851,7.185,14.064521854652579
167171,5.155,8.231098043396154
167632,1.47,1.651998789345803
168378,4.51,14.983320726728106
168383,3.91,11.799233025921641
168510,4.08,21.347917931264394
171937,1.895,3.7965741135924107
173302,1.53,3.648163921755711
174436,12.85,25.48720267114459
174511,9.99,25.830406500866378
174878,2.76,2.5223798286538845
177323,1.03,0.1705872210923198
177329,4.685,12.60816303035458
179661,17.46,57.01059901456921
181986,16.055,34.340384025226044
185457,4.005,13.116210390200365
185593,4.965,30.79957426653816
189179,5.3,24.447290238388387
189230,4.77,16.496881523488007
191328,1.065,0.38829756630707846
195293,9.73,21.98993178707019
198355,24.89,40.67711764616564
198576,3.635,14.317184604523336
199282,8.37,31.633101333887577
200770,5.6,18.73072342436351
202475,2.355,10.074669969780649
203617,1.58,2.636967955815922
207702,3.23,10.311988169116566
208650,1.735,3.5248794305621294
209813,7.315,34.93888628734465
215360,2.69,7.695706595238672
216707,2.37,8.14512737776396
217367,1.295,0.8294425839080122
219084,4.41,18.696307121996046
224417,7.61,30.870664068011237
225503,3.425,9.181741392568187
225514,7.895,27.52696814035283
235110,5.15,15.415171098628779
240394,14.845,49.40395707835557
246063,3.91,12.692986252257581
247956,5.25,29.568353014667558
248754,7.675,14.229524763673592
249846,22.47,34.446467162831084
256458,1.445,2.4324832990176932
256945,6.34,9.300774161326572
258654,5.065,11.050374428045414
265605,1.865,2.678950354149924
271005,2.46,8.338369145102657
271955,2.275,0.7275816105427625
274072,2.76,2.394243095427029
275779,4.895,14.342035246086937
286243,1.665,4.6209062963881875
292861,8.995,21.75327504078409
295627,3.56,8.827593103445581
299382,1.71,9.383810526646407
317733,7.015,28.595013114177796
332484,8.375,39.271928587732994
335038,44.52,61.31810173187034
357697,1.115,0.4917062130988381
400871,2.725,6.232124437140195
408794,1.175,0.7378177281686853
430163,4.195,13.603197234473962
445939,13.385,36.11241857034779
